sample	mrna_profile_value	protein_profile_value	mrna_zscore	gistic	any_EGFR_mutation	G598V
C3L-00104	2273268.1	1.055	1.7129	2.0	0	0
C3L-00365	11135934.5	2.22	2.9645	2.0	1	0
C3L-00674	1337185.9	0.137	1.295	2.0	0	0
C3L-00677	503139.3	-0.768	0.525	1.0	0	0
C3L-01040	341746.7	-1.249	0.2204	1.0	0	0
C3L-01043	3098279.6	0.721	1.9568	2.0	0	0
C3L-01045	2440724.6	0.423	1.7689	2.0	0	0
C3L-01046	116917.5	-0.968	-0.6245	2.0	0	0
C3L-01048	17905416.1	3.497	3.3386	2.0	0	0
C3L-01049	267192.6	-0.734	0.0265	1.0	0	0
C3L-01061	4836022.1	0.656	2.3075	2.0	0	0
C3L-01142	95450.3	-1.16	-0.7843	0.0	0	0
C3L-01146	219207.3	-0.983	-0.1294	1.0	0	0
C3L-01149	453954.7	-0.539	0.444	1.0	0	0
C3L-01154	7244641.3	1.071	2.6259	2.0	0	0
C3L-01155	18823151.5	3.851	3.378	2.0	1	0
C3L-01156	19226869.8	3.067	3.3947	2.0	1	1
C3L-01157	1800933.1	0.967	1.5295	1.0	0	0
C3L-01327	12550656.2	2.812	3.0587	2.0	1	1
C3L-01834	1648388.2	0.896	1.4598	NA	1	0
C3L-01887	9441109.8	2.621	2.8345	2.0	0	0
C3L-02041	234728.6	-1.221	-0.0755	0.0	0	0
C3L-02465	652262.2	0.131	0.7295	1.0	0	0
C3L-02504	296952.6	-1.201	0.1097	2.0	0	0
C3L-02542	54142.0	-1.557	-1.2309	1.0	0	0
C3L-02642	2055262.8	2.185	1.6335	1.0	0	0
C3L-02704	10278837.0	1.994	2.9014	2.0	1	0
C3L-02705	7723952.8	1.239	2.6763	2.0	0	0
C3L-02707	18226290.9	3.256	3.3526	2.0	0	0
C3L-02708	320045.3	-1.174	0.1687	0.0	0	0
C3L-02900	446887.5	-0.307	0.4316	0.0	0	0
C3L-02955	118050.5	-0.113	-0.6169	0.0	0	0
C3L-02970	32774195.1	4.288	3.8148	2.0	0	0
C3L-02984	1052211.2	0.54	1.1062	0.0	0	0
C3L-03260	1201233.5	2.122	1.2105	1.0	0	0
C3L-03266	2261054.0	1.051	1.7087	2.0	0	0
C3L-03387	12587314.5	2.913	3.061	2.0	0	0
C3L-03390	9178401.8	2.683	2.8122	2.0	1	0
C3L-03392	1670250.6	0.992	1.4701	0.0	0	0
C3L-03400	235491.0	-0.768	-0.073	0.0	0	0
C3L-03405	37504457.0	4.113	3.921	2.0	0	0
C3L-03407	254434.1	-0.893	-0.012	1.0	0	0
C3L-03681	5874462.8	2.274	2.4608	2.0	0	0
C3L-03727	3545287.8	1.02	2.063	NA	1	1
C3L-03728	58435.1	-1.013	-1.1708	1.0	0	0
C3L-03744	552256.6	-1.137	0.5984	1.0	0	0
C3L-03748	3657636.0	2.07	2.0876	2.0	0	0
C3L-03968	80068.9	-0.527	-0.9227	NA	0	0
C3L-04084	8360103.5	3.312	2.7387	2.0	0	0
C3N-00661	454557.8	-0.265	0.4451	1.0	0	0
C3N-00662	153449.7	-0.915	-0.4103	1.0	0	0
C3N-00663	304350.0	-0.01	0.1291	0.0	0	0
C3N-00665	342895.9	-0.505	0.223	1.0	0	0
C3N-01192	252213.8	-0.348	-0.0189	1.0	0	0
C3N-01196	7315429.3	3.433	2.6335	2.0	0	0
C3N-01334	10317581.8	2.146	2.9044	2.0	1	1
C3N-01364	146253.8	-1.137	-0.4482	1.0	0	0
C3N-01366	6652769.2	2.606	2.5588	2.0	0	0
C3N-01367	502250.0	-0.481	0.5236	0.0	0	0
C3N-01368	6503846.8	2.072	2.5409	2.0	0	0
C3N-01369	141920.4	-0.536	-0.4718	0.0	0	0
C3N-01505	106408.9	-1.088	-0.6987	1.0	0	0
C3N-01515	4366803.7	2.331	2.2271	2.0	0	0
C3N-01517	6905950.6	1.653	2.5882	2.0	1	0
C3N-01518	266275.0	-0.348	0.0238	1.0	0	0
C3N-01798	5643444.4	2.055	2.4292	2.0	1	1
C3N-01814	262743.7	-0.075	0.0133	1.0	0	0
C3N-01815	351462.4	-0.564	0.2424	1.0	0	0
C3N-01816	42964.6	-1.692	-1.413	0.0	0	0
C3N-01818	623052.4	0.208	0.6934	1.0	0	0
C3N-01851	272676.3	-0.743	0.0425	0.0	0	0
C3N-01852	16710380.4	3.817	3.2842	2.0	1	0
C3N-01856	10437900.8	2.047	2.9135	2.0	0	0
C3N-01857	18481720.3	2.573	3.3636	2.0	0	0
C3N-02181	438524.7	0.235	0.4168	1.0	0	0
C3N-02183	107783.1	-0.648	-0.6886	0.0	0	0
C3N-02185	762748.6	0.511	0.8528	0.0	0	0
C3N-02186	5624919.5	1.454	2.4266	2.0	0	0
C3N-02188	2871964.3	0.884	1.8971	2.0	0	0
C3N-02190	733153.5	-0.444	0.8216	2.0	0	0
C3N-02255	4219371.4	1.355	2.2001	1.0	0	0
C3N-02256	36778.0	-1.159	-1.5355	1.0	0	0
C3N-02769	3094559.7	1.041	1.9559	2.0	0	0
C3N-02770	8019677.8	2.301	2.7059	2.0	1	0
C3N-02782	7287431.0	1.817	2.6305	2.0	1	0
C3N-02783	51293.3	-1.471	-1.2735	0.0	0	0
C3N-02784	244064.8	-0.871	-0.0448	1.0	0	0
C3N-02785	5562244.2	0.687	2.4177	2.0	1	1
C3N-02786	958220.0	-0.548	1.0325	2.0	0	0
C3N-02788	1006058.9	-0.083	1.0708	1.0	0	0
C3N-03070	267114.1	-0.879	0.0263	0.0	0	0
C3N-03088	54831.1	-1.188	-1.2209	1.0	0	0
C3N-03180	400494.8	-0.162	0.3453	2.0	1	0
C3N-03182	74577.5	-0.798	-0.9787	1.0	0	0
C3N-03183	690501.6	0.357	0.7744	2.0	1	0
C3N-03184	6812454.5	1.623	2.5774	2.0	0	0
C3N-03186	196710.8	-0.381	-0.2147	1.0	0	0
C3N-03188	10606895.8	3.868	2.9262	2.0	0	0
C3N-03473	21606.4	-1.603	-1.9544	0.0	0	0
